{"entities":{"pages":{"starter-topic":{"id":"starter-topic","title":"Learn JavaFX","url":"starter-topic.html","level":0,"tabIndex":0},"t1gcsb_3":{"id":"t1gcsb_3","title":"Domus 1","level":0,"pages":["create-repository","Criando-Classe-para-Connection-MySQL","Primeiro-Model","Create-first-Controller","Criando-a-Primeira-tela","Create-Strucure-Project","student-dao-implementation"],"tabIndex":1},"create-repository":{"id":"create-repository","title":"Repository Pattern em JavaFX","url":"create-repository.html","level":1,"parentId":"t1gcsb_3","tabIndex":0},"Criando-Classe-para-Connection-MySQL":{"id":"Criando-Classe-para-Connection-MySQL","title":"Criando Classe para Connection MySQL","url":"criando-classe-para-connection-mysql.html","level":1,"parentId":"t1gcsb_3","tabIndex":1},"Primeiro-Model":{"id":"Primeiro-Model","title":"Primeiro Model","url":"primeiro-model.html","level":1,"parentId":"t1gcsb_3","tabIndex":2},"Create-first-Controller":{"id":"Create-first-Controller","title":"Criar primeiro Controller","url":"create-first-controller.html","level":1,"parentId":"t1gcsb_3","tabIndex":3},"Criando-a-Primeira-tela":{"id":"Criando-a-Primeira-tela","title":"Criando a primeira tela","url":"criando-a-primeira-tela.html","level":1,"parentId":"t1gcsb_3","pages":["Connect-FXML-with-Java"],"tabIndex":4},"Connect-FXML-with-Java":{"id":"Connect-FXML-with-Java","title":"Conectando o arquivo FXML ao código Java","url":"connect-fxml-with-java.html","level":2,"parentId":"Criando-a-Primeira-tela","tabIndex":0},"Create-Strucure-Project":{"id":"Create-Strucure-Project","title":"Criando Estrutura de Projeto","url":"create-strucure-project.html","level":1,"parentId":"t1gcsb_3","pages":["Create-structue-with-maven-intelijj"],"tabIndex":5},"Create-structue-with-maven-intelijj":{"id":"Create-structue-with-maven-intelijj","title":"Criando com Maven + Intelijj","url":"create-structue-with-maven-intelijj.html","level":2,"parentId":"Create-Strucure-Project","tabIndex":0},"student-dao-implementation":{"id":"student-dao-implementation","title":"Implementação do StudentDAO","url":"student-dao-implementation.html","level":1,"parentId":"t1gcsb_3","pages":["student-dao-jpa-implementation","student-dao-hibernate-implementation"],"tabIndex":6},"student-dao-jpa-implementation":{"id":"student-dao-jpa-implementation","title":"Implementação do StudentDAO com JPA","url":"student-dao-jpa-implementation.html","level":2,"parentId":"student-dao-implementation","tabIndex":0},"student-dao-hibernate-implementation":{"id":"student-dao-hibernate-implementation","title":"Implementação do StudentDAO com Hibernate","url":"student-dao-hibernate-implementation.html","level":2,"parentId":"student-dao-implementation","tabIndex":1}}},"topLevelIds":["starter-topic","t1gcsb_3"]}