{"entities":{"pages":{"starter-topic":{"id":"starter-topic","title":"Learn JavaFX","url":"starter-topic.html","level":0,"tabIndex":0},"Create-Strucure-Project":{"id":"Create-Strucure-Project","title":"Criando Estrutura de Projeto","url":"create-strucure-project.html","level":0,"pages":["Create-structue-with-maven-intelijj"],"tabIndex":1},"Create-structue-with-maven-intelijj":{"id":"Create-structue-with-maven-intelijj","title":"Criando com Maven + Intelijj","url":"create-structue-with-maven-intelijj.html","level":1,"parentId":"Create-Strucure-Project","tabIndex":0},"Criando-a-Primeira-tela":{"id":"Criando-a-Primeira-tela","title":"Criando a primeira tela","url":"criando-a-primeira-tela.html","level":0,"pages":["Connect-FXML-with-Java"],"tabIndex":2},"Connect-FXML-with-Java":{"id":"Connect-FXML-with-Java","title":"Conectando o arquivo FXML ao código Java","url":"connect-fxml-with-java.html","level":1,"parentId":"Criando-a-Primeira-tela","tabIndex":0},"Create-first-Controller":{"id":"Create-first-Controller","title":"Create first Controller","url":"create-first-controller.html","level":0,"tabIndex":3}}},"topLevelIds":["starter-topic","Create-Strucure-Project","Criando-a-Primeira-tela","Create-first-Controller"]}